0.000000000000000000e+00,-1.653617413780657797e-01
6.200000000000000000e+01,-3.257071374229466021e-01
1.240000000000000000e+02,3.570049904790633527e-02
2.170000000000000000e+02,3.955870942437159643e-01
2.790000000000000000e+02,4.874929384299567792e-01
3.530000000000000000e+02,-2.377907441582879089e-01
4.150000000000000000e+02,-4.132650161777168263e-01
4.770000000000000000e+02,-4.758195628109916364e-01
5.390000000000000000e+02,-2.342051546373980775e-01
6.010000000000000000e+02,4.882536580390914316e-01
6.630000000000000000e+02,-2.883265663050439409e-01
7.560000000000000000e+02,-3.469612761177589544e-01
8.180000000000000000e+02,-4.406765447943913894e-01
9.730000000000000000e+02,-1.276314187994119775e-01
1.035000000000000000e+03,5.673579782711393737e-03
1.097000000000000000e+03,1.634837266179936521e-01
1.158000000000000000e+03,8.590092322599199304e-02
1.233000000000000000e+03,2.126611601446244393e-01
1.295000000000000000e+03,-4.811700111197381724e-01
1.356000000000000000e+03,-6.655345296575766456e-01
1.450000000000000000e+03,3.927015401396095617e-01
1.524000000000000000e+03,1.350869145422512740e-01
1.586000000000000000e+03,-5.414635521612376490e-01
1.647000000000000000e+03,1.764781841465702661e-01
1.722000000000000000e+03,2.435195472416532281e-01
1.783000000000000000e+03,2.170580120810999269e-01
1.845000000000000000e+03,-5.170619660831873299e-01
1.938000000000000000e+03,4.255389242018789604e-03
2.000000000000000000e+03,3.199852220825071814e-01
2.062000000000000000e+03,-2.332997063672271332e-01
2.123000000000000000e+03,-1.663377233907083197e-01
2.185000000000000000e+03,-6.884286118868070403e-01
2.259000000000000000e+03,-5.010684924799790885e-01
2.321000000000000000e+03,-4.760213565031301552e-01
2.476000000000000000e+03,6.427435034119456381e-01
2.538000000000000000e+03,-9.889432236124917619e-02
2.600000000000000000e+03,-3.314140007247066699e-01
2.692000000000000000e+03,-6.955601225787537700e-01
2.754000000000000000e+03,6.803971214184945104e-02
2.816000000000000000e+03,-1.506388243669069260e-01
2.887000000000000000e+03,-2.437041010526945217e-01
3.043000000000000000e+03,4.935061196741349354e-01
3.105000000000000000e+03,-7.769956998503038670e-02
3.167000000000000000e+03,7.149573582547567030e-01
3.229000000000000000e+03,1.182834193409123408e-01
3.322000000000000000e+03,3.406951965241843960e-01
3.384000000000000000e+03,4.662886902827183544e-01
3.445000000000000000e+03,-3.920958895987147752e-01
3.519000000000000000e+03,-5.007081077676082126e-01
3.581000000000000000e+03,8.752521508021715579e-02
3.899000000000000000e+03,1.812834766762624616e-01
3.961000000000000000e+03,8.950313668415019186e-02
4.022000000000000000e+03,3.205582898303109274e-01
4.084000000000000000e+03,-4.507661282159108884e-01
4.146000000000000000e+03,4.756827633279770429e-01
4.208000000000000000e+03,-1.496104687860697058e-01
4.270000000000000000e+03,-3.240964729315746196e-01
4.331000000000000000e+03,-7.409082247638153484e-01
4.393000000000000000e+03,-5.051536832555074685e-01
4.486000000000000000e+03,-1.416212024045921392e-01
4.548000000000000000e+03,4.254346068279619281e-02
4.610000000000000000e+03,-2.463203910044698686e-01
4.671000000000000000e+03,2.449069819506614343e-01
4.733000000000000000e+03,-1.193254669200769502e-01
4.795000000000000000e+03,3.147779620168055653e-02
4.857000000000000000e+03,-1.569468127974377181e-01
4.919000000000000000e+03,-3.582516272057382767e-01
5.011000000000000000e+03,3.131268675605096141e-01
5.073000000000000000e+03,-9.156905229532226465e-02
5.135000000000000000e+03,1.777641785224911286e-01
5.197000000000000000e+03,-1.227172115999281138e-01
5.259000000000000000e+03,-7.654288453221169686e-01
5.320000000000000000e+03,-1.400322715307145138e-01
5.382000000000000000e+03,8.714506862097094742e-02
5.444000000000000000e+03,-2.566788948688460970e-01
5.506000000000000000e+03,-1.923393693053190578e-01
5.598000000000000000e+03,1.910875763353292456e-01
5.660000000000000000e+03,6.556821603592210002e-01
5.722000000000000000e+03,5.835192116132933288e-02
5.784000000000000000e+03,2.617303523472038762e-01
5.845000000000000000e+03,5.852539817783329879e-01
5.907000000000000000e+03,2.056657538383477868e-01
5.969000000000000000e+03,1.712212920146767015e-01
6.031000000000000000e+03,2.006228522817319476e-02
6.093000000000000000e+03,-3.988545565983820373e-01
6.199000000000000000e+03,2.285008510489775213e-01
6.366000000000000000e+03,-4.381847682073213290e-01
6.428000000000000000e+03,-2.842437457646957988e-01
6.490000000000000000e+03,4.644386963133934620e-01
6.551000000000000000e+03,4.563256283444531713e-01
6.613000000000000000e+03,4.354952456210197664e-01
6.675000000000000000e+03,6.698506927522094312e-01
6.737000000000000000e+03,7.056849021163289493e-01
6.799000000000000000e+03,4.622496162722855573e-01
6.892000000000000000e+03,-8.748351499983900159e-02
6.954000000000000000e+03,4.328388028676313781e-01
7.016000000000000000e+03,3.164397412800996623e-01
7.078000000000000000e+03,-8.785577767832632168e-02
7.139000000000000000e+03,8.050379467971388592e-02
7.201000000000000000e+03,-5.394159004684141723e-02
7.263000000000000000e+03,5.656135613926640548e-01
7.325000000000000000e+03,1.423709992762090537e-01
7.387000000000000000e+03,-4.754399839269253525e-02
7.480000000000000000e+03,-2.887362713414326487e-01
7.541000000000000000e+03,-4.445980063923579140e-01
7.603000000000000000e+03,1.565018526726652259e-01
7.665000000000000000e+03,4.112997336767193479e-01
7.727000000000000000e+03,-6.514825943963659105e-01
7.789000000000000000e+03,-9.732873744797555793e-02
7.851000000000000000e+03,-2.403372298384542916e-01
7.925000000000000000e+03,-1.676438727800348694e-01
7.987000000000000000e+03,-3.933312496500115940e-01
8.080000000000000000e+03,-1.010815811859658298e-01
8.141000000000000000e+03,-3.855702606049217773e-01
8.203000000000000000e+03,1.598865133919742665e-01
8.265000000000000000e+03,-4.937660894003967904e-01
8.327000000000000000e+03,3.700138162357346494e-01
8.389000000000000000e+03,2.862865019427928148e-01
8.451000000000000000e+03,2.111159443228210197e-01
8.512000000000000000e+03,4.244895379474441510e-01
8.574000000000000000e+03,-2.092442937709323436e-01
8.667000000000000000e+03,-5.673354599280263644e-01
8.822000000000000000e+03,1.740110389040015471e-01
8.884000000000000000e+03,6.008781850765293475e-01
8.958000000000000000e+03,1.828725399228250670e-01
9.020000000000000000e+03,-4.252810157078695252e-01
9.082000000000000000e+03,-4.284022748230422728e-01
9.144000000000000000e+03,-2.363515157516806187e-01
9.206000000000000000e+03,-1.667678959427239260e-01
9.268000000000000000e+03,1.199610054070988779e-01
9.361000000000000000e+03,3.550933545185530615e-01
9.423000000000000000e+03,-4.305897207892933620e-02
9.484000000000000000e+03,-6.285788331282396446e-02
9.546000000000000000e+03,-7.234532805741700212e-02
9.608000000000000000e+03,-6.542385168683817476e-02
9.670000000000000000e+03,5.951490638721708415e-02
9.732000000000000000e+03,2.110607732412979054e-01
9.794000000000000000e+03,2.297430866197722188e-01
9.855000000000000000e+03,-1.813206974221435175e-01
9.948000000000000000e+03,-1.230031502916288377e-01
1.001000000000000000e+04,-1.775552289012615470e-01
1.007200000000000000e+04,-5.422142050851699868e-02
1.013400000000000000e+04,-4.013278592697366309e-01
1.019600000000000000e+04,5.101150438466974801e-01
1.025800000000000000e+04,6.127485250060894506e-01
1.032000000000000000e+04,3.743784523635311778e-01
1.038100000000000000e+04,-9.999940649305245552e-03
1.044400000000000000e+04,-3.402139963213754448e-01
1.053700000000000000e+04,-3.773067876842240986e-01
1.059800000000000000e+04,-3.448326250846437402e-01
1.066000000000000000e+04,-4.270939624657186795e-01
1.072200000000000000e+04,-4.688257166045473601e-01
1.078400000000000000e+04,-1.519771331790229774e-01
1.084600000000000000e+04,-2.872919471526615975e-01
1.090800000000000000e+04,1.239633463323761342e+00
1.096900000000000000e+04,1.186451097830855561e+00
1.107500000000000000e+04,4.189900003356071823e-01
1.123000000000000000e+04,1.482775376091790553e-01
1.129200000000000000e+04,3.246459216575199314e-01
1.135300000000000000e+04,5.462330307796067208e-01
1.141500000000000000e+04,-1.204677187016993389e-01
1.148900000000000000e+04,-2.523351022737751470e-01
1.155100000000000000e+04,1.957749038638130767e-01
1.161300000000000000e+04,-1.406251809790463714e+00
1.167500000000000000e+04,-7.840864387476712549e-01
1.173700000000000000e+04,1.285377680405526413e-01
1.182900000000000000e+04,5.122119519881805916e-01
1.189100000000000000e+04,-1.441385974936598424e-01
1.196500000000000000e+04,5.810277473057738618e-02
1.202700000000000000e+04,-2.270230049199760680e-01
1.208900000000000000e+04,-1.217148191911991556e-01
1.215100000000000000e+04,-2.512107191159247965e-01
1.221300000000000000e+04,-2.385187816707030894e-01
1.227400000000000000e+04,-7.644748580144997696e-01
1.233600000000000000e+04,-4.320157539335154340e-01
1.242900000000000000e+04,-3.924684058974782785e-01
1.249100000000000000e+04,-1.724059905671325443e-01
1.255300000000000000e+04,2.483105539146057972e-01
1.261400000000000000e+04,-1.450778475830898605e-02
1.267600000000000000e+04,-5.848466995128457496e-02
1.273800000000000000e+04,5.176438917122941907e-01
1.280000000000000000e+04,3.133807335888049717e-01
1.286100000000000000e+04,-7.328854560245360306e-01
1.295400000000000000e+04,8.233530162311476774e-02
1.301600000000000000e+04,-1.258722839159539253e-01
1.307800000000000000e+04,-2.523416843213074356e-01
1.314000000000000000e+04,-1.847633708162586819e-01
1.320200000000000000e+04,-5.769928299729711885e-01
1.326400000000000000e+04,7.872412526448090142e-02
1.332600000000000000e+04,-2.698724863081354286e-01
1.338800000000000000e+04,2.752443995026377932e-01
1.344900000000000000e+04,-1.624814904491518608e-01
1.354300000000000000e+04,-1.997969682741218000e-01
1.369800000000000000e+04,-6.397171866103984472e-01
1.376000000000000000e+04,-3.048859680410814788e-01
1.382200000000000000e+04,-2.858638455047146643e-01
1.388300000000000000e+04,5.814881775968999689e-01
1.394500000000000000e+04,1.744563428382306658e-01
1.400700000000000000e+04,3.956301817360661222e-01
1.406900000000000000e+04,1.369433120750800648e-01
1.413000000000000000e+04,-1.399857637645589570e-01
1.419200000000000000e+04,-1.969458964820725855e-01
1.428500000000000000e+04,7.987404735997207794e-01
1.434700000000000000e+04,2.501002710082665947e-01
1.440900000000000000e+04,3.452332985363747442e-01
1.447100000000000000e+04,-2.483911310091020397e-01
1.453300000000000000e+04,-2.959951746238296266e-01
1.459500000000000000e+04,2.268708592804282997e-01
1.465700000000000000e+04,-1.604700982296433098e-01
1.471800000000000000e+04,4.834943180045530031e-01
1.481200000000000000e+04,-1.693080854167675897e-01
1.487300000000000000e+04,-6.146707892416207290e-03
1.493500000000000000e+04,2.201653234481072696e-02
1.499700000000000000e+04,4.207512303141575649e-01
1.505900000000000000e+04,1.419868687833538146e-01
1.512100000000000000e+04,6.324842450980015796e-02
1.518200000000000000e+04,-1.330447828331672855e-01
1.524400000000000000e+04,4.626407273082628335e-01
1.530600000000000000e+04,-1.278457150105802853e-01
1.540000000000000000e+04,-3.237748514672958433e-01
1.546200000000000000e+04,-7.235492567070964109e-02
1.552400000000000000e+04,2.827129727404745774e-01
1.558600000000000000e+04,-6.071157802482873844e-01
1.566000000000000000e+04,1.516523854599138854e-01
1.572100000000000000e+04,-2.333473075760777449e-01
1.578300000000000000e+04,2.698683892327093381e-01
1.584500000000000000e+04,2.894487256909725748e-01
1.590700000000000000e+04,4.607699268777870061e-01
1.601200000000000000e+04,3.148417199682270184e-01
1.616700000000000000e+04,1.346476822001950457e-01
1.622900000000000000e+04,8.722851278693655175e-01
1.629100000000000000e+04,6.314318201302403510e-01
1.635300000000000000e+04,4.935411487403468800e-01
1.641500000000000000e+04,2.187407993601438727e-01
1.647700000000000000e+04,-8.892904645559350785e-01
1.653800000000000000e+04,-9.868403068333773953e-02
1.660000000000000000e+04,9.195829233260371938e-02
1.666200000000000000e+04,4.896764674870759948e-02
1.675500000000000000e+04,-3.211907591822882324e-01
1.681600000000000000e+04,1.709547779730664352e-01
1.687800000000000000e+04,2.889531635148866462e-01
1.694000000000000000e+04,5.028651042478484712e-01
1.700200000000000000e+04,-4.024219375478965688e-01
1.706400000000000000e+04,8.947081066571599406e-02
1.712600000000000000e+04,4.199295080931362834e-01
1.718800000000000000e+04,5.397652166586359712e-01
1.728100000000000000e+04,-2.422652316109208948e-01
1.734200000000000000e+04,7.831619398580434710e-02
1.740400000000000000e+04,4.374217270336057117e-01
1.746600000000000000e+04,2.191037483274861364e-01
1.752800000000000000e+04,-2.166268223675221205e-01
1.759000000000000000e+04,4.635257413696791673e-01
1.765200000000000000e+04,2.207811131769314428e-01
1.771400000000000000e+04,-2.462935220498384259e-01
1.777500000000000000e+04,-6.151460517344644607e-01
1.786800000000000000e+04,-4.658345843391082930e-01
1.793000000000000000e+04,2.337847666012203562e-01
1.799200000000000000e+04,1.181864284894548617e-01
1.805400000000000000e+04,8.463068348110060202e-02
1.811600000000000000e+04,8.748203692551312707e-03
1.817700000000000000e+04,-6.672738143807395439e-02
1.823900000000000000e+04,-1.485984492921896272e-01
1.830100000000000000e+04,4.598381774055314564e-01
1.836300000000000000e+04,3.051937419854353628e-01
1.845700000000000000e+04,3.831317436720276248e-01
1.861200000000000000e+04,4.191653168449440692e-01
1.867400000000000000e+04,-4.890690391394781344e-01
1.874800000000000000e+04,3.882313289876848650e-01
1.881000000000000000e+04,9.003562639549735069e-02
1.887200000000000000e+04,2.978692021734040130e-01
1.893400000000000000e+04,7.668498208200683064e-02
1.900800000000000000e+04,3.569949777059283624e-01
1.907000000000000000e+04,3.740854287286127788e-01
1.916300000000000000e+04,-2.470128404916322948e-02
1.922500000000000000e+04,-1.228601480762122194e-01
1.928700000000000000e+04,-4.345120002843740892e-01
1.934800000000000000e+04,-4.706147347274906578e-01
1.941000000000000000e+04,-3.015496874130706439e-01
1.947200000000000000e+04,2.018079348632812742e-01
1.953400000000000000e+04,3.373081765871089321e-01
1.959600000000000000e+04,-7.193215074361304640e-02
1.965800000000000000e+04,-8.161684080020083221e-02
1.975100000000000000e+04,3.749273639645982481e-01
1.981300000000000000e+04,-6.524781191463338570e-02
1.987500000000000000e+04,-1.483788484384393203e-01
1.993700000000000000e+04,-5.365173649520581928e-02
1.999900000000000000e+04,2.653815434838214249e-01
2.006000000000000000e+04,3.852881662336653523e-01
2.012200000000000000e+04,3.710660354251048010e-01
2.018400000000000000e+04,-1.225695135614981307e-01
2.024600000000000000e+04,1.006989097782302472e-01
2.035100000000000000e+04,-3.236177860734410494e-01
2.041300000000000000e+04,1.423881177205564008e-01
2.047400000000000000e+04,4.453374305632389896e-01
2.053600000000000000e+04,-4.480137506119438173e-01
2.059800000000000000e+04,-6.689715662952894215e-01
2.066000000000000000e+04,-7.219682806359115079e-02
2.072200000000000000e+04,3.507246719537726598e-01
2.078400000000000000e+04,4.055274642373827843e-01
2.087600000000000000e+04,1.397267594949678504e-01
2.103200000000000000e+04,1.971757058953844399e-01
2.109400000000000000e+04,-2.977371177020977644e-01
2.115600000000000000e+04,2.201400274389722911e-01
2.121800000000000000e+04,1.623506778576933318e-01
2.128000000000000000e+04,1.859380556091091985e-01
2.134200000000000000e+04,-3.544762166949230048e-02
2.140400000000000000e+04,-3.594241036267952771e-01
2.146600000000000000e+04,-2.705186547253553633e-02
2.152800000000000000e+04,-5.561657010493833986e-02
2.162100000000000000e+04,-3.177009657154857697e-02
2.168300000000000000e+04,1.732612833125024565e-02
2.174500000000000000e+04,3.699648021276139009e-01
2.180700000000000000e+04,1.534815265258291650e-01
2.186800000000000000e+04,2.662365193641751115e-02
2.193000000000000000e+04,3.700001032744121843e-01
2.199200000000000000e+04,3.313710070791551221e-01
2.205400000000000000e+04,-3.547716194296634401e-02
2.211600000000000000e+04,-1.692828366572843857e-01
2.220900000000000000e+04,-2.312178808080626036e-01
2.227100000000000000e+04,-5.366437819048625046e-01
2.233300000000000000e+04,-2.741117437630916087e-01
2.239500000000000000e+04,-1.017850371169626511e+00
2.246900000000000000e+04,-3.263640489036428449e-01
2.253100000000000000e+04,4.015006056867984063e-01
2.259300000000000000e+04,3.793250885002114048e-01
2.266700000000000000e+04,-3.857908619179428178e-01
2.276000000000000000e+04,-2.647292029009236033e-02
2.282200000000000000e+04,-2.413581213242755596e-01
2.288300000000000000e+04,-8.645811676000851598e-02
2.294500000000000000e+04,-1.148753609412722781e-01
2.300700000000000000e+04,1.161701029973877114e-01
2.306900000000000000e+04,-3.575451538587341438e-01
2.313100000000000000e+04,-5.806650228917810130e-01
2.319300000000000000e+04,-8.967872373067818648e-02
2.325500000000000000e+04,-1.748061843793985992e-01
2.334800000000000000e+04,4.472014573468721110e-01
2.350300000000000000e+04,-4.570556505498177824e-01
2.356500000000000000e+04,-2.516670554040833507e-01
2.362700000000000000e+04,-6.130635140578180042e-01
2.368800000000000000e+04,-1.754210732177204357e-01
2.375000000000000000e+04,-6.878702245420883488e-01
2.381200000000000000e+04,-5.678230881721969547e-01
2.387300000000000000e+04,-3.324255986818471786e-01
2.393500000000000000e+04,-5.470320669500135236e-02
2.399700000000000000e+04,-2.304585329748728810e-03
2.409000000000000000e+04,-3.534539147983212226e-01
2.415200000000000000e+04,-1.451979060207133354e-01
2.421400000000000000e+04,-1.691733916429657425e-01
2.427500000000000000e+04,-1.684736198370232751e-01
2.433700000000000000e+04,-1.135767872437857262e-01
2.439900000000000000e+04,-2.546362073934965164e-01
2.446100000000000000e+04,1.134365568437366578e-01
2.452300000000000000e+04,1.156596437523316062e-01
2.458400000000000000e+04,1.676022506948184054e-01
2.467700000000000000e+04,-4.169103540109883044e-01
2.473900000000000000e+04,2.224753309171592988e-02
2.480100000000000000e+04,-1.958639892625774759e-01
2.486300000000000000e+04,4.592052930089757928e-02
2.493700000000000000e+04,-1.715646493683314067e-01
2.499900000000000000e+04,-1.103471732562038704e-01
2.507300000000000000e+04,-1.800044705893209529e-01
2.513500000000000000e+04,-3.406782329387774561e-02
2.524000000000000000e+04,2.494163039212837496e-01
2.530200000000000000e+04,-7.818993528663413795e-01
2.536400000000000000e+04,-4.423745756548244645e-01
2.542600000000000000e+04,-1.706927603464315768e-01
2.548700000000000000e+04,1.756978799098084243e-02
2.554900000000000000e+04,3.133623840604911615e-01
2.561100000000000000e+04,3.152650437925000326e-01
2.567300000000000000e+04,1.628387710885874362e-01
2.573500000000000000e+04,1.459399746721723179e-01
2.582800000000000000e+04,1.346997315166183207e-01
2.598300000000000000e+04,-8.706735442516224666e-01
2.604500000000000000e+04,1.796869395482801959e-02
2.610600000000000000e+04,1.069042644128111175e-01
2.616800000000000000e+04,6.164098802800727084e-01
2.623000000000000000e+04,3.254045429742671303e-01
2.629200000000000000e+04,4.300150591242161702e-01
2.635300000000000000e+04,-4.500154247066927016e-01
2.641500000000000000e+04,-2.075330997123281673e-01
2.647700000000000000e+04,-4.432873151704689318e-01
2.657000000000000000e+04,-7.507504102689270820e-01
2.663200000000000000e+04,-1.825364789135779375e-01
2.669300000000000000e+04,7.748515597371173624e-02
2.675500000000000000e+04,-5.448623929416179790e-01
2.681700000000000000e+04,1.897919894254965489e-01
2.687800000000000000e+04,3.229845943285226118e-01
2.694000000000000000e+04,2.909194201129667312e-01
2.700200000000000000e+04,5.341107871568361726e-02
2.709500000000000000e+04,2.949678576848458467e-01
2.716900000000000000e+04,-1.145722487642177323e-01
2.723100000000000000e+04,-2.819484970683559522e-01
2.729300000000000000e+04,-1.038665678430510941e-01
2.735400000000000000e+04,3.897470917718268146e-01
2.741600000000000000e+04,7.241051123026711611e-01
2.747800000000000000e+04,4.772707660416365960e-01
2.754000000000000000e+04,4.916683388816489586e-01
2.760200000000000000e+04,-1.264873208190475107e-01
2.769500000000000000e+04,-1.914101754595734228e-01
2.775600000000000000e+04,-3.227184926194642256e-01
2.781800000000000000e+04,-2.559685736806255330e-01
2.788000000000000000e+04,2.076309537766668767e-01
2.794200000000000000e+04,4.234482820428260852e-01
2.800400000000000000e+04,-2.895012320419957930e-01
2.806600000000000000e+04,-2.233106375358324958e-01
2.812800000000000000e+04,2.247390204567265848e-01
2.819000000000000000e+04,-1.366156894281407852e-01
2.828300000000000000e+04,1.769463589133344894e-01
2.843800000000000000e+04,-2.831198284845787283e-01
2.850000000000000000e+04,3.032893696935051731e-01
2.856200000000000000e+04,1.878352734627073140e-01
2.862300000000000000e+04,-2.071876431715350964e-01
2.868500000000000000e+04,-2.166753177811206188e-01
2.874700000000000000e+04,7.136734879954527433e-02
2.880900000000000000e+04,3.064385075506786960e-01
2.887100000000000000e+04,1.242226806726810240e-01
2.896400000000000000e+04,-1.015965080845552225e-02
2.902600000000000000e+04,-1.847001020441099983e-01
2.908800000000000000e+04,-4.089559569146412610e-01
2.915000000000000000e+04,1.013796525873087925e-02
2.921200000000000000e+04,2.177497996206220199e-01
2.927400000000000000e+04,4.093763825477724216e-01
2.933600000000000000e+04,-5.517623304259419159e-01
2.941000000000000000e+04,-2.547626589813208331e-01
2.948400000000000000e+04,-1.464162848985201826e-01
2.957700000000000000e+04,3.165657945879695179e-01
2.963800000000000000e+04,7.832528863919394069e-02
2.970000000000000000e+04,6.014516610354669890e-02
2.976200000000000000e+04,3.403418127259648096e-01
2.982400000000000000e+04,3.143385020359109605e-01
2.988600000000000000e+04,3.949166791526855791e-01
2.994800000000000000e+04,3.579587940978300881e-02
3.001000000000000000e+04,1.661629922542388893e-01
3.007200000000000000e+04,1.943524505812053993e-01
3.016500000000000000e+04,-1.044011063149732771e-01
3.022700000000000000e+04,1.608218818115076942e-01
3.028800000000000000e+04,8.050273027302013995e-01
3.035000000000000000e+04,4.350834190369713417e-01
3.041300000000000000e+04,4.176017773872542915e-01
3.047400000000000000e+04,4.379722278835315730e-01
3.053600000000000000e+04,3.217001882772889121e-01
3.059800000000000000e+04,3.916455942355361042e-02
3.069000000000000000e+04,6.374266864447395431e-01
3.077700000000000000e+04,7.192617396105541183e-02
3.093200000000000000e+04,-1.153001037327686384e-01
3.099400000000000000e+04,1.475484714054494662e-01
3.105600000000000000e+04,2.684232019335695552e-01
3.111700000000000000e+04,2.161443115389342640e-01
3.117900000000000000e+04,-2.951818540003557367e-01
3.124100000000000000e+04,-1.935061419504023883e-01
3.130300000000000000e+04,-1.430622703209283308e-01
3.136500000000000000e+04,1.380467759578484777e-01
3.145800000000000000e+04,4.652861667553651048e-01
3.152000000000000000e+04,2.138647918355312816e-01
3.158200000000000000e+04,3.025923311098797086e-01
3.164400000000000000e+04,-1.784035463118288645e-01
3.170600000000000000e+04,-5.643117865397303395e-02
3.176700000000000000e+04,3.416570413628822189e-02
3.182900000000000000e+04,-9.165064395627160049e-03
3.189100000000000000e+04,4.681086230832932626e-01
3.195300000000000000e+04,7.145628785238888891e-02
3.204600000000000000e+04,-9.267745920992422060e-02
3.210700000000000000e+04,-4.136399113408353312e-01
3.216900000000000000e+04,1.381629011498507476e-01
3.223100000000000000e+04,-6.021370108661678877e-01
3.229200000000000000e+04,-3.103866083706586232e-01
3.235400000000000000e+04,1.293429119247938019e-01
3.241600000000000000e+04,-5.833899012589818800e-02
3.247800000000000000e+04,-4.312151790065208434e-01
3.254000000000000000e+04,-2.444136011064210467e-01
3.263400000000000000e+04,-3.089309018221575998e-01
3.269500000000000000e+04,-5.084243016834727458e-01
3.275700000000000000e+04,3.137252686828016085e-02
3.281900000000000000e+04,-3.963582897690656748e-01
3.288100000000000000e+04,4.960061753121700612e-01
3.294300000000000000e+04,4.768565992239748308e-01
3.300400000000000000e+04,2.967237727116993073e-01
3.306600000000000000e+04,4.689843574390693548e-01
3.315900000000000000e+04,-3.304164285131454548e-01
3.331400000000000000e+04,6.346552290009564723e-02
3.337600000000000000e+04,-2.149353337561413502e-01
3.343800000000000000e+04,1.972595094470849797e-01
3.350000000000000000e+04,6.092838014995586304e-01
3.356200000000000000e+04,2.932221725383839517e-01
3.362400000000000000e+04,2.399114274218244747e-01
3.369800000000000000e+04,2.272148482945159087e-01
3.376000000000000000e+04,-2.252155590978337230e-01
3.382200000000000000e+04,-3.833714674043812998e-02
3.391500000000000000e+04,-5.708924574388426487e-01
3.397700000000000000e+04,-1.520421593987982822e-01
3.403900000000000000e+04,3.144163011944171582e-01
3.410100000000000000e+04,-1.075656818292317213e-01
3.416300000000000000e+04,1.293532391463575459e-01
3.422500000000000000e+04,-2.338722149763241831e-01
3.428700000000000000e+04,-2.213378572286151813e-01
3.434900000000000000e+04,-2.126106607251716102e-02
3.441100000000000000e+04,-4.092613116091846637e-01
3.450400000000000000e+04,-1.650323583758435964e-01
3.456600000000000000e+04,-1.497729394742884912e-01
3.462800000000000000e+04,-5.533670742536739295e-01
3.469000000000000000e+04,-1.309203961540395256e-01
3.475200000000000000e+04,-3.880545988060295909e-02
3.481300000000000000e+04,-4.583476489263482168e-01
3.487500000000000000e+04,2.815705701309561548e-01
3.493700000000000000e+04,1.260913719798583410e-01
3.503000000000000000e+04,1.264951650664745963e-01
3.509200000000000000e+04,2.358078870872357471e-02
3.515400000000000000e+04,-1.376205721666602655e-01
3.521600000000000000e+04,-6.338601731480448809e-01
3.527700000000000000e+04,-2.891387910788539850e-01
3.533900000000000000e+04,5.108196907328107494e-01
3.540100000000000000e+04,9.348657940433785507e-02
3.546300000000000000e+04,3.590447391517480411e-03
3.552400000000000000e+04,7.799744871709277660e-01
3.561700000000000000e+04,-4.989815791931772049e-01
3.577300000000000000e+04,-2.348390331905829131e-01
3.583500000000000000e+04,-4.949141953327455545e-01
3.589700000000000000e+04,-7.578776405230779056e-02
3.595800000000000000e+04,9.177125257317741980e-02
3.602000000000000000e+04,4.123977943651436218e-01
3.608200000000000000e+04,7.756593843782262632e-02
3.614400000000000000e+04,-7.879710884431170292e-01
3.620500000000000000e+04,-4.524191741899802333e-01
3.626700000000000000e+04,2.051709806075625309e-01
3.636100000000000000e+04,1.557521008634311088e-01
3.642200000000000000e+04,1.247796060128241735e-01
3.648400000000000000e+04,-2.966572004878599844e-01
3.655900000000000000e+04,-4.081781187333679006e-01
3.662100000000000000e+04,2.533313949750958805e-01
3.669500000000000000e+04,5.370547743727219214e-02
3.675600000000000000e+04,-1.147649324541523130e-01
3.681800000000000000e+04,-2.253627553994759780e-01
3.691100000000000000e+04,2.029690097653935321e-01
3.698500000000000000e+04,-2.315668915559284946e-01
3.704700000000000000e+04,1.084761015643653237e-01
3.710900000000000000e+04,-6.374732361637263089e-01
3.718300000000000000e+04,-1.259794900280880592e-01
3.724500000000000000e+04,-3.182650962128468763e-01
3.730700000000000000e+04,-2.962953609840280889e-01
3.736900000000000000e+04,-4.424300148277151012e-01
3.743100000000000000e+04,1.105387732276178342e-01
3.752400000000000000e+04,7.964133802351393010e-01
3.758600000000000000e+04,4.081130238753847284e-01
3.766000000000000000e+04,-2.099001898122518361e-01
3.772200000000000000e+04,3.919320368644116925e-01
3.778400000000000000e+04,3.910801861580900374e-01
3.784600000000000000e+04,6.611360343142824725e-01
3.790800000000000000e+04,-1.394482106966746238e-01
3.797000000000000000e+04,1.526361059822563260e-01
3.803200000000000000e+04,-2.604616967762902503e-03
3.812500000000000000e+04,-3.113182564423846443e-01
3.828000000000000000e+04,1.205332487901150662e-01
3.834200000000000000e+04,-4.734077324708949042e-01
3.840400000000000000e+04,-1.468792926196352266e-02
3.846500000000000000e+04,2.111265488681361158e-01
3.852800000000000000e+04,-3.191740699977380080e-01
3.858900000000000000e+04,-3.072416435934311463e-01
3.865100000000000000e+04,-2.881269133482954325e-01
3.871300000000000000e+04,-1.995462998249193931e-01
3.880600000000000000e+04,9.104352440834057036e-02
3.888000000000000000e+04,-4.238371337321716337e-01
3.894200000000000000e+04,3.154122546617187384e-01
3.900400000000000000e+04,1.019585775653146925e-01
3.906600000000000000e+04,-6.953327975150046247e-02
3.912800000000000000e+04,-2.788182559940267646e-01
3.919000000000000000e+04,-2.456673113524737717e-01
3.925200000000000000e+04,4.196192261605212470e-02
3.931400000000000000e+04,-2.296058397510989204e-04
3.940600000000000000e+04,-1.454703429332330489e-01
3.946800000000000000e+04,-1.695726258536327802e-01
3.953000000000000000e+04,1.592006261579835269e-01
3.959200000000000000e+04,4.278111471606311222e-01
3.965400000000000000e+04,3.158607163585850364e-01
3.971600000000000000e+04,3.782296556326651404e-01
3.977800000000000000e+04,8.985325560519520291e-03
3.984000000000000000e+04,-5.876561684914455297e-01
3.990100000000000000e+04,-2.457850011427858694e-01
3.999400000000000000e+04,7.102990614163989629e-03
4.005600000000000000e+04,9.103013761343637933e-01
4.011800000000000000e+04,-2.103845942507203137e-01
4.019300000000000000e+04,-2.128275762822280093e-01
4.025400000000000000e+04,2.299625275259813417e-01
4.031600000000000000e+04,-2.525513977000321542e-01
4.037800000000000000e+04,3.063722321388864245e-01
4.044000000000000000e+04,7.817352633222429681e-01
4.050200000000000000e+04,3.758717832913150425e-01
4.059500000000000000e+04,4.034382021423005837e-01
4.075000000000000000e+04,-6.429327651963916423e-01
4.081200000000000000e+04,-2.902160292636927208e-01
4.087400000000000000e+04,3.047254981029197674e-01
4.093600000000000000e+04,1.411919012192058148e-02
4.099800000000000000e+04,-3.637720503817407081e-01
4.106000000000000000e+04,-1.989876938877173096e-01
4.112100000000000000e+04,1.439006501170772556e-01
4.118300000000000000e+04,-3.717368071264680052e-01
4.127600000000000000e+04,-3.765934824529822977e-01
4.133800000000000000e+04,-9.224737087989542950e-01
4.140000000000000000e+04,-1.261620243080999182e-01
4.146200000000000000e+04,5.391621981543464059e-01
4.152400000000000000e+04,-4.279027690631722614e-01
4.158500000000000000e+04,1.845146442788687946e-01
4.164700000000000000e+04,-1.347772721033104470e-01
4.170900000000000000e+04,-6.915966829120322457e-01
4.177100000000000000e+04,-4.337948348476832194e-01
4.186400000000000000e+04,-4.564077876017501589e-01
4.192600000000000000e+04,-4.485327415114308547e-01
4.198800000000000000e+04,-8.388331681975882623e-03
4.204900000000000000e+04,1.174711336385870775e-01
4.211100000000000000e+04,-2.556448690782644334e-02
4.217300000000000000e+04,1.472919101413675547e-01
4.223500000000000000e+04,-2.985792795878820099e-02
4.229600000000000000e+04,-9.455977083640042524e-01
4.235800000000000000e+04,-4.589356702821452694e-01
4.245200000000000000e+04,-1.547117236360530390e-01
4.251400000000000000e+04,-4.764672582047070892e-01
4.257600000000000000e+04,3.008676377492001119e-01
4.263700000000000000e+04,5.882292010692559414e-02
4.269900000000000000e+04,3.787397461664998022e-01
4.276100000000000000e+04,-2.512982365653861350e-01
4.282300000000000000e+04,-2.971875463264073060e-03
4.288500000000000000e+04,-1.771927589609404718e-01
4.297800000000000000e+04,-3.962700298787589781e-01
4.313300000000000000e+04,9.484828582752072301e-02
4.319500000000000000e+04,-1.259447509608696836e-01
4.325700000000000000e+04,-1.757030152503935572e-01
4.331900000000000000e+04,-1.417589338068228066e-01
4.338100000000000000e+04,3.412079230947254738e-01
4.344200000000000000e+04,2.986235744437398254e-01
4.350400000000000000e+04,2.978664926067399119e-02
4.356600000000000000e+04,2.808608177310005782e-01
4.362800000000000000e+04,1.849340650553890908e-01
4.372200000000000000e+04,-2.550173653179931277e-01
4.378300000000000000e+04,-2.977930601361064578e-01
4.384500000000000000e+04,4.566508463590690514e-01
4.390700000000000000e+04,5.627861751605913732e-01
4.396900000000000000e+04,1.201640992498353433e-01
4.403100000000000000e+04,5.973569696126761197e-02
4.409300000000000000e+04,9.352626573622048467e-02
4.415500000000000000e+04,-1.914154374342101061e-01
4.421600000000000000e+04,-4.736312385840424910e-01
4.430900000000000000e+04,-2.766417464946606675e-01
4.437100000000000000e+04,-1.013695070088506817e-01
4.443300000000000000e+04,-7.590354737788482242e-02
4.449500000000000000e+04,-3.132720848811412773e-01
4.455700000000000000e+04,1.712487420948830275e-01
4.461900000000000000e+04,-2.263795154236899754e-01
4.468000000000000000e+04,1.073821089285941083e-01
4.474200000000000000e+04,-1.189046744337590375e-02
4.483500000000000000e+04,-1.691004772224614372e-01
4.723900000000000000e+04,-4.872474550660932380e-01
4.730100000000000000e+04,-2.600521524521424710e-01
4.736300000000000000e+04,2.504608176572560296e-01
4.742500000000000000e+04,-8.102924902667278662e-02
4.748700000000000000e+04,1.774141346340420144e-01
4.754900000000000000e+04,4.790844426684015556e-01
4.764200000000000000e+04,-4.872516093421897510e-01
4.770400000000000000e+04,-2.117378474819564538e-02
4.776500000000000000e+04,4.965632387750027466e-01
4.782700000000000000e+04,5.119001806930637555e-01
4.788900000000000000e+04,2.753598225645182418e-01
4.795100000000000000e+04,-6.096943937103812550e-01
4.801300000000000000e+04,-2.888798198226510960e-01
4.810600000000000000e+04,-3.539864432702636843e-01
4.816800000000000000e+04,-5.596313890709332384e-01
4.823000000000000000e+04,2.536119748480507030e-01
4.829200000000000000e+04,3.667771407141688367e-01
4.835400000000000000e+04,1.318879027567918250e-01
4.841600000000000000e+04,-1.987063090403719257e-01
4.847700000000000000e+04,2.309574229404031190e-02
4.853900000000000000e+04,2.238238729531617788e-01
4.863200000000000000e+04,5.182866775823888883e-01
4.869400000000000000e+04,6.437599925048199945e-02
4.875600000000000000e+04,4.691084526241271480e-01
4.881800000000000000e+04,5.688228844130256423e-01
4.888000000000000000e+04,-4.525004249600543260e-01
4.894100000000000000e+04,-2.871659575691106192e-01
4.900300000000000000e+04,1.935429048813396558e-01
4.909600000000000000e+04,1.109652478068283259e-02
4.915800000000000000e+04,-3.719972197406988812e-01
4.923200000000000000e+04,-4.868848246218438480e-01
4.929400000000000000e+04,3.139923583303753235e-02
4.935600000000000000e+04,-1.592600728332775051e-01
4.941800000000000000e+04,9.213524530528835466e-02
4.957300000000000000e+04,-1.047812259753042319e-01
4.963500000000000000e+04,-1.458089558707626084e-02
4.972800000000000000e+04,-3.755243616294771936e-02
4.979000000000000000e+04,-3.668524402490074832e-01
4.985100000000000000e+04,3.642025999051272112e-01
4.991300000000000000e+04,3.522464833677294016e-01
4.997500000000000000e+04,1.050548259609342672e-01
5.003600000000000000e+04,-1.257206974355397633e-01
5.009800000000000000e+04,-1.115664958711072852e-01
5.016000000000000000e+04,1.710638017559424351e-01
5.025300000000000000e+04,3.902014588996578597e-03
5.031500000000000000e+04,6.262707164307758367e-02
5.037700000000000000e+04,-1.145602457787260886e-01
5.043900000000000000e+04,4.187855289192896069e-01
5.050100000000000000e+04,-1.063334029566931210e-01
5.056300000000000000e+04,2.053167400034374979e-01
5.062500000000000000e+04,4.937114879111806909e-01
5.071800000000000000e+04,-4.134105142224335228e-01
5.078000000000000000e+04,-3.931004796195218254e-01
5.084200000000000000e+04,3.119067868856488790e-01
5.090400000000000000e+04,2.955283872902718656e-01
5.097800000000000000e+04,5.703503137792310246e-02
5.104000000000000000e+04,-2.910433467189869061e-01
5.110200000000000000e+04,-4.735261373944155139e-01
5.119500000000000000e+04,-4.141218136950633455e-01
5.125700000000000000e+04,-3.145234636476162970e-01
5.131900000000000000e+04,-2.964209046178397644e-01
5.341800000000000000e+04,-2.767548051150678923e-01
5.348000000000000000e+04,-1.559017853927669450e-01
5.355400000000000000e+04,-4.563080220017802779e-01
5.362800000000000000e+04,2.483146628122866184e-01
5.369000000000000000e+04,-4.449772979121829897e-01
5.375200000000000000e+04,5.444420115712049757e-01
5.385700000000000000e+04,5.135112076483359100e-01
5.391900000000000000e+04,-2.436893126802752371e-02
5.398100000000000000e+04,-3.860827344470889044e-01
5.404300000000000000e+04,-3.654361156048403503e-01
5.410400000000000000e+04,-2.386398537729038372e-02
5.416600000000000000e+04,8.907356080600183912e-01
5.425200000000000000e+04,6.374492574026633385e-01
5.434600000000000000e+04,-2.037021200937874366e-01
5.440700000000000000e+04,4.562743526626405477e-01
5.446900000000000000e+04,1.748336070707484924e-01
5.453100000000000000e+04,-5.104232702126569599e-02
5.459300000000000000e+04,-5.199075173688729734e-01
5.474800000000000000e+04,-4.857306333093147077e-01
5.481000000000000000e+04,3.240088524121473301e-02
5.488400000000000000e+04,2.097941285574850268e-01
5.494600000000000000e+04,5.671213645860460062e-01
5.503900000000000000e+04,-1.467862437891443994e-01
5.510100000000000000e+04,4.418785498617609497e-01
5.516300000000000000e+04,6.984544003929452627e-01
5.522500000000000000e+04,-9.754824673289418380e-01
5.529900000000000000e+04,-5.986881052693951988e-01
5.536100000000000000e+04,-1.389389652088313665e-01
5.542200000000000000e+04,-2.042971762924896961e-01
5.551500000000000000e+04,2.788699255578403480e-01
5.557700000000000000e+04,1.269147171175863120e-01
5.563900000000000000e+04,-7.240093355350456505e-01
5.570000000000000000e+04,7.624333395632201249e-01
5.576200000000000000e+04,-5.391889905643445363e-02
5.582400000000000000e+04,-3.790138005339633298e-01
5.588600000000000000e+04,1.941451748598153892e-01
5.597900000000000000e+04,-3.247308746476968988e-01
5.604100000000000000e+04,-2.267560428456694144e-01
5.610300000000000000e+04,-5.189114261350873808e-02
5.616500000000000000e+04,-3.231089758466508532e-02
5.622700000000000000e+04,2.146919559079539241e-01
5.628900000000000000e+04,-6.866845353259500850e-01
5.635000000000000000e+04,-4.146341142834342741e-01
5.642400000000000000e+04,-2.454673274509820702e-01
5.651700000000000000e+04,5.184456736514383990e-02
5.657900000000000000e+04,7.255316546392426291e-01
5.664100000000000000e+04,2.270444972613978873e-01
5.670300000000000000e+04,-3.986926082674419058e-02
5.677700000000000000e+04,3.773979706780577481e-01
5.683900000000000000e+04,1.076115907400602423e-01
5.690000000000000000e+04,2.608357294600132104e-01
5.699300000000000000e+04,3.303806092959278295e-01
5.705500000000000000e+04,2.688800866154049049e-02
5.711700000000000000e+04,6.260134382784333651e-01
5.717900000000000000e+04,3.978364589244677285e-01
5.733400000000000000e+04,-6.997399382954186398e-02
5.739600000000000000e+04,4.614192215382754286e-02
5.747000000000000000e+04,6.243269327380044365e-01
5.753200000000000000e+04,5.911396201585727983e-01
5.762500000000000000e+04,3.253322007570743080e-01
5.768700000000000000e+04,-6.452769266276178195e-01
5.774900000000000000e+04,-1.374953208692104682e-02
5.781000000000000000e+04,1.901766453525482736e-01
5.787200000000000000e+04,6.097566307843639288e-01
5.793400000000000000e+04,1.137793869013615511e-01
5.799600000000000000e+04,-3.067526355331186005e-01
5.805800000000000000e+04,-2.594592129168495354e-01
5.815000000000000000e+04,1.858384856793358561e-02
5.821200000000000000e+04,1.433379147817359645e-01
5.827400000000000000e+04,5.743140765186737634e-03
5.833600000000000000e+04,1.186111540033366052e-01
5.839800000000000000e+04,3.635912734322531703e-01
5.845900000000000000e+04,3.561588075244849771e-01
5.852100000000000000e+04,3.221194336866371050e-02
5.861400000000000000e+04,4.330956572919135161e-01
5.867600000000000000e+04,-5.541273618480238028e-01
5.873800000000000000e+04,9.657827297107333953e-02
5.880000000000000000e+04,3.665912336558452278e-01
5.886200000000000000e+04,1.634632910804756367e-01
5.892400000000000000e+04,-1.801598545407523122e-01
5.898500000000000000e+04,-2.388428509905048819e-02
5.907900000000000000e+04,1.411263704300181610e-01
5.914000000000000000e+04,-2.882037172034833672e-01
5.920200000000000000e+04,-3.685658134982551237e-01
5.926400000000000000e+04,3.292651790322132510e-01
5.932600000000000000e+04,3.970380727137413635e-01
5.938700000000000000e+04,6.604476198784413332e-02
5.944900000000000000e+04,-1.820758429080683027e-01
5.954200000000000000e+04,4.627585969400078297e-02
5.960400000000000000e+04,6.326115592551071476e-01
5.966600000000000000e+04,1.546071458429002232e-01
5.972800000000000000e+04,-3.326871477715292319e-02
5.988400000000000000e+04,-4.946144249911841317e-01
5.995800000000000000e+04,-4.096794157723982616e-02
6.002000000000000000e+04,-1.028805283347648120e-02
6.008100000000000000e+04,-7.442321276444648082e-02
6.014300000000000000e+04,-3.747034332420996483e-01
6.023700000000000000e+04,-2.707452153238628645e-01
6.029900000000000000e+04,2.058704655679596818e-01
6.036000000000000000e+04,1.057165141636800115e-01
6.042200000000000000e+04,1.039598143868765284e-01
6.048400000000000000e+04,2.298698573358648189e-01
6.054600000000000000e+04,-4.398407348556603313e-01
6.060800000000000000e+04,-3.921394004325944871e-01
6.070100000000000000e+04,-2.813309910785699586e-01
6.076300000000000000e+04,3.099015647995935832e-02
6.082500000000000000e+04,-2.289312067934666794e-01
6.088600000000000000e+04,1.126404601084595031e-01
6.094800000000000000e+04,-7.908773604667176382e-01
6.101000000000000000e+04,-1.178108823689581891e-01
6.107200000000000000e+04,-4.217552591829556302e-02
6.116500000000000000e+04,4.994244036362340822e-01
6.122700000000000000e+04,-7.092415411890558019e-01
6.128900000000000000e+04,-1.468551118092532026e-01
6.135100000000000000e+04,1.219598347723101391e-02
6.142500000000000000e+04,4.596843409104683364e-01
6.148700000000000000e+04,3.517727722199807117e-01
6.154900000000000000e+04,6.920695571753916753e-02
6.161000000000000000e+04,-5.113637652398670408e-01
6.170400000000000000e+04,-2.431413937081405019e-01
6.176500000000000000e+04,1.831680986465376582e-01
6.182700000000000000e+04,5.350991199498008610e-01
6.188900000000000000e+04,4.924689195646275719e-01
6.195100000000000000e+04,-2.506214490196062919e-02
6.201300000000000000e+04,-6.046354614126916438e-01
6.207500000000000000e+04,-9.082300813754148328e-01
6.216800000000000000e+04,-6.361562692381605988e-01
6.223000000000000000e+04,1.993775205458543642e-01
6.238600000000000000e+04,5.880134841477738794e-01
6.244700000000000000e+04,7.458017311188627763e-02
6.250900000000000000e+04,-4.811945285402329242e-01
6.257100000000000000e+04,-6.536705501708633959e-01
6.263300000000000000e+04,2.981272962736374321e-01
6.269500000000000000e+04,6.615260915401007802e-01
6.278800000000000000e+04,1.946638189602125368e-01
6.285000000000000000e+04,-4.245416705161727533e-01
6.291200000000000000e+04,-1.526553830267227407e-01
6.297400000000000000e+04,3.264786286845806629e-01
6.303500000000000000e+04,6.285623362064771125e-02
6.309700000000000000e+04,7.969081545849422687e-02
6.315900000000000000e+04,8.312654146683076117e-01
6.322100000000000000e+04,4.537698103314393161e-01
6.331400000000000000e+04,7.223926125913719964e-01
6.337600000000000000e+04,-4.877935560210336363e-02
6.343800000000000000e+04,-1.603052133290389647e-01
6.349900000000000000e+04,2.925627555992429962e-01
6.356100000000000000e+04,1.647656422878630844e-02
6.362300000000000000e+04,2.100871316092478291e-01
6.368500000000000000e+04,-2.510005531800410528e-01
6.377800000000000000e+04,-3.984977528554669440e-02
6.385200000000000000e+04,-1.127942005530531838e-01
6.391400000000000000e+04,-4.514763934350763397e-01
6.397600000000000000e+04,-1.403110736433791361e-01
6.403800000000000000e+04,1.404718293976817689e-01
6.411200000000000000e+04,-7.310186558707310045e-02
6.417300000000000000e+04,1.978294046064698816e-02
6.426700000000000000e+04,9.188398446512779927e-01
6.432900000000000000e+04,-2.587188407309385374e-01
6.439000000000000000e+04,-2.727958425068467418e-01
6.445200000000000000e+04,3.435613874697444059e-01
6.451400000000000000e+04,9.701768639812248518e-02
6.457600000000000000e+04,1.702481835112194808e-01
6.463800000000000000e+04,-1.937127607161092877e-02
6.470000000000000000e+04,-1.613408078731458362e-01
6.479300000000000000e+04,3.811303556767394185e-01
6.494800000000000000e+04,4.400357132759251388e-02
6.501000000000000000e+04,1.294489599512494149e-01
6.507200000000000000e+04,2.818434019014736114e-01
6.513400000000000000e+04,2.053043258598565013e-02
6.519600000000000000e+04,-3.590207042471202925e-01
6.527000000000000000e+04,-4.881457933620972911e-01
6.533200000000000000e+04,-6.126071547120881533e-01
6.542600000000000000e+04,1.857086208815459660e-01
6.548800000000000000e+04,-2.281877354590608475e-01
6.555000000000000000e+04,-5.504357471287336656e-01
6.561200000000000000e+04,-2.729141049901901428e-01
6.567400000000000000e+04,-2.299911143734028607e-01
6.573600000000000000e+04,-3.415240981537084886e-01
6.579700000000000000e+04,-2.376003522466145212e-01
6.589000000000000000e+04,3.048242596971282095e-02
6.595200000000000000e+04,7.282535657845941313e-02
6.601400000000000000e+04,-1.463929374484310986e-01
6.607600000000000000e+04,4.757766304185014339e-01
6.613800000000000000e+04,-4.455315548235024292e-01
6.620000000000000000e+04,-2.535820002107519108e-02
6.627400000000000000e+04,-1.291309903877991550e-01
6.633600000000000000e+04,1.716059897187740546e-01
6.642900000000000000e+04,7.301513017920323312e-02
6.649100000000000000e+04,1.699268126593793671e-01
6.655300000000000000e+04,1.109004093095818794e-01
6.661500000000000000e+04,1.663613289793501940e-02
6.668900000000000000e+04,5.185068068136794439e-01
6.675100000000000000e+04,-1.295088396383119005e-02
6.681300000000000000e+04,1.051875567640995629e-01
6.690600000000000000e+04,2.341370888893734570e-01
6.696800000000000000e+04,1.797319661865314777e-01
6.703000000000000000e+04,4.833314711067166480e-01
6.709200000000000000e+04,-3.271178028564526025e-02
6.715400000000000000e+04,-3.168062106533773847e-01
6.721500000000000000e+04,1.162693448300527871e-01
6.741000000000000000e+04,-1.541328657162544802e-01
6.750300000000000000e+04,-8.463981422174674529e-01
6.756500000000000000e+04,-6.496854392688760083e-01
6.762700000000000000e+04,2.680294598895506808e-01
6.768900000000000000e+04,1.393648536565215458e-02
6.775100000000000000e+04,6.071375979303531012e-03
6.781200000000000000e+04,6.506728687876051076e-02
6.787400000000000000e+04,5.413250245461049825e-01
6.793600000000000000e+04,3.930506244246006337e-02
6.803000000000000000e+04,-1.187361669129834568e-01
6.809200000000000000e+04,4.978670739301104681e-02
6.815400000000000000e+04,3.843565001322925556e-01
6.821600000000000000e+04,3.317461697720052172e-01
6.827700000000000000e+04,2.556645614398005140e-02
6.833900000000000000e+04,-5.790741039657086864e-01
6.840100000000000000e+04,-2.157866576460841512e-01
6.849500000000000000e+04,-6.620419811485748207e-01
6.855700000000000000e+04,-1.122882872205052673e-01
6.861900000000000000e+04,2.943434406011394833e-01
6.868100000000000000e+04,-1.333371962621843210e-01
6.874300000000000000e+04,8.217465840799394183e-02
6.880400000000000000e+04,3.256063338549501363e-01
6.886600000000000000e+04,-4.305144872176094872e-01
6.895900000000000000e+04,-2.927631421633100639e-01
6.902100000000000000e+04,6.556090637124670772e-01
6.908300000000000000e+04,-1.170847383494410948e-01
6.914500000000000000e+04,4.671526208892073373e-01
6.920700000000000000e+04,3.897078358516826158e-01
6.928100000000000000e+04,-1.463532997868114971e-01
6.934300000000000000e+04,-2.012909020603179389e-01
6.940500000000000000e+04,1.548523499349496735e-01
6.949800000000000000e+04,1.598315838744469031e-01
6.958400000000000000e+04,-6.187056854019949981e-01
6.964600000000000000e+04,-2.036894524465286127e-01
6.970800000000000000e+04,-1.959534770832220898e-02
6.977000000000000000e+04,5.257674824798010960e-01
6.983100000000000000e+04,-2.222538935351245082e-01
6.998700000000000000e+04,8.855255693438891795e-02
7.006100000000000000e+04,7.275167551069613436e-01
7.015500000000000000e+04,5.027820812240963999e-01
7.021700000000000000e+04,-4.545960770923837546e-01
7.027800000000000000e+04,1.410990619025812298e-01
7.035300000000000000e+04,3.573126167101441375e-01
7.041500000000000000e+04,1.717152157681931662e-02
7.047600000000000000e+04,2.868236470316941067e-01
7.053900000000000000e+04,-3.003100631836596590e-01
7.063200000000000000e+04,-1.192781568767231487e-01
7.069400000000000000e+04,2.297524791070441608e-01
7.075600000000000000e+04,2.588215123385426697e-01
7.083500000000000000e+04,-4.974246408908408190e-01
7.103600000000000000e+04,4.202273125725475289e-02
7.109800000000000000e+04,-4.067443918099949429e-01
7.115900000000000000e+04,2.922014425659115733e-01
7.131500000000000000e+04,7.443081685269943293e-01
7.137700000000000000e+04,3.152578132692512303e-01
7.143900000000000000e+04,2.619046210197825686e-01
7.150100000000000000e+04,-2.034564043040279213e-01
7.159400000000000000e+04,-5.785122766620979240e-01
7.165600000000000000e+04,-3.792363495062116008e-01
7.171800000000000000e+04,-3.759667569527742059e-01
7.178000000000000000e+04,-5.163769059820781659e-02
7.184200000000000000e+04,5.866172285054236379e-01
7.190400000000000000e+04,4.744426647211269499e-01
7.196600000000000000e+04,2.519337120015123777e-01
7.202800000000000000e+04,1.719040726942534514e-01
7.212100000000000000e+04,5.763015292178275129e-01
7.218300000000000000e+04,5.525292669121818490e-01
7.224500000000000000e+04,-5.862728479158865191e-01
7.230700000000000000e+04,-3.002462845144152626e-01
7.236900000000000000e+04,-4.350068468778690023e-01
7.243100000000000000e+04,-2.357073636306919184e-01
7.249200000000000000e+04,-2.168210320661190238e-01
7.258600000000000000e+04,2.165916489186344995e-01
7.264700000000000000e+04,-2.638195235205028633e-01
7.272200000000000000e+04,6.798408910739490718e-01
7.278400000000000000e+04,1.119635334966462836e-01
7.284600000000000000e+04,-3.191439739191769820e-01
7.290700000000000000e+04,2.025861821672584606e-01
7.296900000000000000e+04,7.893642676250514634e-02
7.303100000000000000e+04,-1.216532148590817181e-01
7.312500000000000000e+04,1.640170519069470145e-01
7.318600000000000000e+04,3.273468295658850669e-01
7.324800000000000000e+04,-1.093792664558534446e-02
7.332200000000000000e+04,-1.166079206050673056e-01
7.338400000000000000e+04,-7.110454565078169753e-02
7.344600000000000000e+04,-8.734536569995575428e-02
7.350800000000000000e+04,1.659061579708298872e-01
7.360200000000000000e+04,6.227525784449308155e-01
7.366300000000000000e+04,-7.492350467236310596e-01
7.372500000000000000e+04,-2.249705025683922666e-01
7.403000000000000000e+04,2.047953422214731090e-01
7.411100000000000000e+04,1.853855483686036865e-01
7.417300000000000000e+04,4.181863628979549663e-01
7.423400000000000000e+04,4.514310718271842826e-01
7.430900000000000000e+04,-2.448907535516226808e-01
7.437100000000000000e+04,-1.843664691100807204e-02
7.443300000000000000e+04,-2.251901781134109815e-03
7.449500000000000000e+04,-2.362534572608331884e-01
7.458900000000000000e+04,-1.736286973846380977e-01
7.465100000000000000e+04,-1.262464660770537817e-01
7.471300000000000000e+04,2.423947194670839078e-01
7.477500000000000000e+04,3.781032201277651494e-01
7.483700000000000000e+04,-2.778248709394408045e-01
7.489900000000000000e+04,-1.873381435028394770e-01
7.496100000000000000e+04,5.497554298750958329e-02
7.505400000000000000e+04,-1.479910273781984836e-02
7.511600000000000000e+04,4.924825818386537324e-01
7.517800000000000000e+04,-1.545584615637936032e-01
7.524000000000000000e+04,-2.666778886843111929e-01
7.530200000000000000e+04,3.033787094241233162e-01
7.545700000000000000e+04,1.368063097355898261e-01
7.551900000000000000e+04,-2.578830416134170744e-01
7.558100000000000000e+04,2.719991686063339409e-01
7.568700000000000000e+04,-5.206179914468459513e-01
7.574900000000000000e+04,2.560616796330063023e-03
7.581100000000000000e+04,6.516250185411673335e-02
7.587300000000000000e+04,-5.763297156250051234e-01
7.593500000000000000e+04,-6.175191701220014151e-01
7.600900000000000000e+04,-1.381778274681366436e-01
7.607100000000000000e+04,-3.581538146085523344e-01
7.616400000000000000e+04,-3.155432713619510388e-01
7.622600000000000000e+04,-3.959640148069302201e-01
7.628700000000000000e+04,1.527359910472895488e-01
7.634900000000000000e+04,2.349314319400915008e-01
7.641100000000000000e+04,3.647177332336858369e-01
7.648500000000000000e+04,-1.633544000727011614e-01
7.654700000000000000e+04,-4.903175168396604611e-01
7.664100000000000000e+04,3.811300078559927418e-02
7.670200000000000000e+04,-1.131521274968160379e-01
7.676400000000000000e+04,-1.737558684198908521e-01
7.682600000000000000e+04,1.028872764649347432e-01
7.688800000000000000e+04,2.381575152681406349e-01
7.696200000000000000e+04,-4.586081592024595088e-01
7.702400000000000000e+04,-7.412789768869939566e-01
7.711700000000000000e+04,-1.334636378048843774e-01
7.717900000000000000e+04,-3.610853999313816121e-01
7.724100000000000000e+04,-1.651329130734750794e-01
7.730300000000000000e+04,1.516276520488322732e-01
7.736500000000000000e+04,3.656644600033973069e-01
7.742700000000000000e+04,4.762238023809888254e-01
7.748800000000000000e+04,2.062210282611896262e-01
7.755000000000000000e+04,-3.055369329777677945e-01
7.764400000000000000e+04,5.523480952986955725e-03
7.770500000000000000e+04,1.803470068384397940e-01
7.778000000000000000e+04,4.303759239791983826e-01
7.784200000000000000e+04,3.674002075916685955e-02
7.790400000000000000e+04,-1.654701507385767864e-02
7.805900000000000000e+04,1.585849499587182188e-01
7.812100000000000000e+04,-3.435898038666473364e-01
7.818300000000000000e+04,4.774903893076134359e-03
7.827700000000000000e+04,2.423890944247469592e-01
7.833900000000000000e+04,5.360823548392155274e-02
7.840100000000000000e+04,-6.577388067491695134e-01
7.846200000000000000e+04,3.338109696650162772e-02
7.852400000000000000e+04,9.511433717846112801e-01
7.858600000000000000e+04,3.933840061232136698e-01
7.864800000000000000e+04,-7.606346622104621646e-01
7.874100000000000000e+04,4.856817130374896374e-01
7.880300000000000000e+04,4.085083202039190287e-01
7.886500000000000000e+04,-1.731593416718252842e-01
7.892600000000000000e+04,4.286880883130589903e-01
7.898800000000000000e+04,3.780523361634600121e-01
7.905000000000000000e+04,7.211738661406844053e-02
7.911200000000000000e+04,-1.516221086199440182e-01
7.920600000000000000e+04,-8.148497015350834871e-02
7.926800000000000000e+04,-2.054284063036293517e-01
7.932900000000000000e+04,6.407848233009586503e-01
7.939100000000000000e+04,2.016156097240663914e-01
7.945300000000000000e+04,-1.230698045766416698e-01
7.951500000000000000e+04,-5.158160797518531737e-01
7.957700000000000000e+04,-3.215076850569324463e-01
7.967000000000000000e+04,1.932136542149270886e-01
7.973200000000000000e+04,2.731483578879486118e-01
7.979400000000000000e+04,6.191783220184781111e-01
7.985600000000000000e+04,4.536292043578848410e-01
7.991800000000000000e+04,2.085602992424926694e-01
7.998000000000000000e+04,-1.830506041784365212e-01
8.004100000000000000e+04,-2.889657124217246409e-01
8.013500000000000000e+04,-3.418978864367354098e-01
8.019600000000000000e+04,1.585737637688516555e-01
8.025800000000000000e+04,2.237554961318780622e-01
8.032000000000000000e+04,-2.571598944017137317e-02
8.039400000000000000e+04,-5.659518778984825582e-01
8.045600000000000000e+04,-1.760672900357931059e-01
8.061200000000000000e+04,-3.792200925232541708e-01
8.067300000000000000e+04,7.776188946233306698e-01
8.073600000000000000e+04,5.450415575984334238e-01
8.082900000000000000e+04,-3.391446823215421569e-02
8.089100000000000000e+04,3.426658900195209134e-02
8.095300000000000000e+04,2.652080191317974789e-01
8.101500000000000000e+04,-8.939126184217878468e-02
8.107700000000000000e+04,2.565646567602472561e-01
8.115100000000000000e+04,5.457390085767335752e-02
8.121300000000000000e+04,7.019217055149772344e-01
8.130700000000000000e+04,4.501747946510704090e-01
8.136800000000000000e+04,6.759229679939495750e-01
8.143000000000000000e+04,4.545581770792478937e-01
8.150400000000000000e+04,-5.328166075475460062e-01
8.156600000000000000e+04,2.447795784224500448e-01
